"Country","Year","Life expectancy at birth","Access to Electricity(%)","Electric power consumption(kWh/Capita)","Rural Population(%)","Food Production Index","GDP/Capita($)","Immunization(DPT %)","Immunization(Measles %)","GDP Deflator","Road Accident Mortality(per 100,000 people)","Population Density","Total greenhouse gas emissions (kt of CO2 equivalent)","Unemployed Labour(%)","Literacy Rate(%)","","",""
"UK","2000","77.74146","100","6114.529","21.349","95.63","28156.27","91","88","1.829761","6.9","243.4279","684830","5.56","99","","",""
"UK","2001","77.99268","100","6141.983","21.249","88.4","27717.63","91","85","1.11503","7","244.3669","695590","4.7","99","","",""
"UK","2002","78.1439","100","6142.75","20.953","94.06","29982.62","91","85","2.10576","7.1","245.4035","677780","5.04","99","","",""
"UK","2003","78.44634","100","6174.551","20.661","92","34383.95","91","82","2.368463","7.2","246.5489","685430","4.81","99","","",""
"UK","2004","78.74634","100","6138.754","20.371","92.43","40208.86","92","81","2.533337","6.9","247.9556","680780","4.59","99","","",""
"UK","2005","79.04878","100","6270.984","20.085","93.13","41932.88","91","82","2.701194","6.6","249.664","674860","4.75","99","","",""
"UK","2006","79.24878","100","6200.554","19.801","92.62","44472.57","92","85","2.806959","6.6","251.5059","671960","5.35","99","","",""
"UK","2007","79.44878","100","6102.397","19.521","90.81","50444.93","92","86","2.700118","5.8","253.4719","656480","5.26","99","","",""
"UK","2008","79.6","100","6015.727","19.243","94.77","47267.01","92","86","3.079839","5.2","255.4747","636520","5.62","99","","",""
"UK","2009","80.05122","100","5643.129","18.969","92.57","38736.9","93","86","1.61662","4.3","257.4144","581690","7.54","99","","",""
"UK","2010","80.40244","100","5700.856","18.698","94.4","39536.77","94","89","1.606768","3.7","259.4402","594560","7.79","99","","",""
"UK","2011","80.95122","100","5471.933","18.43","96.68","42047.61","95","90","2.067351","3.4","261.4757","551940","8.04","99","","",""
"UK","2012","80.90488","100","5449.259","18.163","90.86","42449.11","95","92","1.655836","3","263.3002","573410","7.89","99","","",""
"UK","2013","81.00488","100","5409.626","17.898","92.82","43401.31","95","93","1.780524","2.9","265.0695","554670","7.52","99","","",""
"UK","2014","81.30488","100","5130.39","17.635","100.63","47452.2","95","93","1.731326","3.2","267.0289","513800","6.11","99","","",""
"USA","2000","76.63659","100","13671.05","20.943","83.17","36334.91","94","91","2.235474","15.7","30.7973","6861150","3.99","99","","",""
"USA","2001","76.83659","100","13046.61","20.766","81.79","37133.24","94","91","2.193425","15.7","31.10363","6806970","4.73","99","","",""
"USA","2002","76.93659","100","13296.18","20.591","80.59","38023.16","94","91","1.581763","16.2","31.39355","6646960","5.78","99","","",""
"USA","2003","77.03659","100","13307.49","20.417","83.28","39496.49","96","93","1.857095","16","31.66453","6706390","5.99","99","","",""
"USA","2004","77.4878","100","13388.59","20.243","88.11","41712.8","96","93","2.692212","15.8","31.95895","6787570","5.53","99","","",""
"USA","2005","77.4878","100","13704.58","20.072","85.8","44114.75","96","92","3.114942","15.7","32.25488","6801820","5.08","99","","",""
"USA","2006","77.6878","100","13583.27","19.901","84.62","46298.73","96","92","3.026205","15.6","32.5674","6707430","4.62","99","","",""
"USA","2007","77.9878","100","13657.45","19.731","89.8","47975.97","96","92","2.686279","14.9","32.87861","6797860","4.62","99","","",""
"USA","2008","78.03902","100","13663.43","19.562","91.4","48382.56","96","92","1.945132","13.4","33.24369","6619980","5.78","99","","",""
"USA","2009","78.39024","100","12913.71","19.394","93.23","47099.98","95","90","0.76235","12.1","33.5364","6194450","9.25","99","","",""
"USA","2010","78.54146","100","13394.9","19.228","92.42","48466.66","95","92","1.165251","11.7","33.81578","6442580","9.63","99","","",""
"USA","2011","78.64146","100","13245.88","19.056","91.56","49882.56","96","92","2.088904","11.6","34.06244","6214430","8.95","99","","",""
"USA","2012","78.74146","100","12964.19","18.881","91.08","51602.93","94","91","1.917849","11.9","34.31324","5968740","8.07","99","","",""
"USA","2013","78.74146","100","13004.02","18.701","96.01","53106.54","94","92","1.754916","11.4","34.55181","6108670","7.38","99","","",""
"USA","2014","78.84146","100","12993.97","18.517","98.34","55049.99","95","92","1.849827","11.3","34.80613","6129040","6.17","99","","",""
"Australia","2000","79.23415","100","10193.91","15.765","86.95","21679.25","90","91","2.579702","9.9","2.493134","608210","6.28","99","","",""
"Australia","2001","79.63415","100","10636.38","15.9","88.04","19490.86","92","92","4.620835","9.3","2.526978","634100","6.74","99","","",""
"Australia","2002","79.93659","100","10813.12","15.778","90.96","20082.48","92","94","2.860367","9.1","2.55801","627080","6.37","99","","",""
"Australia","2003","80.23902","100","10434.87","15.657","74.08","23447.03","93","94","3.113581","8.5","2.589771","546710","5.93","99","","",""
"Australia","2004","80.49024","100","10554.82","15.537","91.73","30430.68","92","94","3.31114","8.2","2.619971","605380","5.4","99","","",""
"Australia","2005","80.84146","100","10458.45","15.418","87.8","33999.24","92","94","3.797084","8.3","2.654778","568380","5.03","99","","",""
"Australia","2006","81.04146","100","10490.48","15.3","93.2","36044.92","92","94","5.092354","8","2.694232","611700","4.78","99","","",""
"Australia","2007","81.29268","100","10972.89","15.178","76.76","40960.05","92","94","5.011711","7.9","2.711115","614990","4.38","99","","",""
"Australia","2008","81.39512","100","10749.11","15.057","82.45","49601.66","92","94","4.525537","7.1","2.765995","587260","4.23","99","","",""
"Australia","2009","81.5439","100","10791.59","14.937","87","42772.36","92","94","5.001804","7.1","2.823594","601070","5.56","99","","",""
"Australia","2010","81.69512","100","10726.93","14.818","87.41","52022.13","92","94","1.167282","6.5","2.867859","571220","5.21","99","","",""
"Australia","2011","81.89512","100","10627.29","14.7","91.14","62517.83","92","94","6.25276","5.9","2.907986","673130","5.08","99","","",""
"Australia","2012","82.04634","100","10407.74","14.598","96.4","68012.15","92","94","1.856527","5.8","2.9592","670930","5.22","99","","",""
"Australia","2013","82.14878","100","10220.89","14.498","97.17","68150.11","91","94","-0.1242","5.3","3.010574","581890","5.66","99","","",""
"Australia","2014","82.3","100","10071.4","14.398","101.14","62510.79","92","94","1.479573","5.4","3.055815","593500","6.08","99","","",""
"Japan","2000","81.0761","100","8299.41","21.351","103.31","39169.36","85","96","-1.33626","12.5","347.9918","1274300","4.7","99","","",""
"Japan","2001","81.41707","100","8162.015","20.01","101.16","34406.18","95","98","-1.08488","12.1","348.8313","1251440","5","99","","",""
"Japan","2002","81.56341","100","8266.099","18.353","102.2","32820.79","96","98","-1.39098","11.3","349.6433","1283110","5.4","99","","",""
"Japan","2003","81.76","100","8164.934","16.804","98.77","35387.04","97","98","-1.6077","10.6","350.3923","1290880","5.3","99","","",""
"Japan","2004","82.03024","100","8393.258","15.36","99.44","38298.98","99","98","-1.12477","10.1","350.5103","1282760","4.7","99","","",""
"Japan","2005","81.92512","100","8539.011","14.022","100.39","37812.9","98","98","-1.19402","9.4","350.5432","1283820","4.4","99","","",""
"Japan","2006","82.32195","100","8542.478","12.882","98.55","35991.55","98","97","-0.86202","8.6","350.7654","1261900","4.1","99","","",""
"Japan","2007","82.50707","100","8710.026","11.854","100.27","35779.02","98","96","-0.70524","6.2","351.1687","1297980","3.9","99","","",""
"Japan","2008","82.58756","100","8270.008","10.897","100.69","39876.3","98","95","-0.91153","5.5","351.3388","1231180","4","99","","",""
"Japan","2009","82.93146","100","8020.274","10.011","99.27","41309","97","94","-0.56956","5.4","351.2949","1171570","5.1","99","","",""
"Japan","2010","82.84268","100","8594.909","9.188","96.84","44968.16","97","94","-1.88074","5.3","351.358","1228240","5.1","99","","",""
"Japan","2011","82.59122","100","8099.599","8.931","95.52","48760.08","97","94","-1.62208","5","350.7078","1284770","4.52","99","","",""
"Japan","2012","83.0961","100","7998.347","8.852","97.1","49145.28","97","96","-0.75609","4.8","350.1481","1327040","4.3","99","","",""
"Japan","2013","83.33195","100","7988.583","8.774","101.33","40898.65","96","95","-0.35438","4.5","349.6433","1338630","4","99","","",""
"Japan","2014","83.5878","100","7819.715","8.696","101.05","38475.4","96","98","1.686295","4.2","349.1797","1300990","3.6","99","","",""
"India","2000","62.505","59.34105","393.6462","72.333","64.56","443.3142","58","56","3.64497","16.9","355.3677","1717560","5.75","60.666578","","",""
"India","2001","62.907","55.8","393.8102","72.082","66.57","451.573","59","57","3.215616","16.6","361.5645","1741320","5.73","61.01456","","",""
"India","2002","63.304","62.3","410.6448","71.756","61.53","470.9868","59","56","3.715684","16.3","367.7253","1763940","5.77","61.362542","","",""
"India","2003","63.699","64.02313","430.4832","71.428","67.7","546.7266","61","60","3.867798","15.8","373.8487","1808910","5.77","61.710524","","",""
"India","2004","64.095","64.4","451.6115","71.097","66.63","627.7742","63","64","5.725413","15.6","379.9365","1894780","5.72","62.058506","","",""
"India","2005","64.5","67.09344","468.0258","70.765","70.14","714.861","65","68","5.621903","15.9","385.9861","1969680","5.65","62.406488","","",""
"India","2006","64.918","67.9","509.2141","70.431","73.68","806.7533","65","69","8.400938","16.3","391.9986","2065570","5.52","62.75447","","",""
"India","2007","65.35","70.13076","541.7384","70.094","79.99","1028.335","64","70","6.944418","16.7","397.9596","2209240","5.41","64.064088","","",""
"India","2008","65.794","71.65108","561.2476","69.754","81.53","998.5223","70","72","9.19397","17.1","403.8322","2309340","5.36","65.373706","","",""
"India","2009","66.244","75","598.4982","69.413","79.61","1101.961","74","78","7.040365","17","409.5689","2452660","5.61","66.683324","","",""
"India","2010","66.693","76.3","640.3946","69.07","85.63","1357.564","79","82","10.52603","17.2","415.137","2564130","5.65","67.992942","","",""
"India","2011","67.13","67.6","696.8427","68.724","90.87","1458.104","82","84","8.73358","17.4","420.5207","2671200","5.65","69.30256","","",""
"India","2012","67.545","79.9","723.2369","68.366","92.97","1443.882","82","83","7.934386","17.6","425.7314","2814000","5.66","70.02684","","",""
"India","2013","67.931","80.73804","764.2011","67.997","96.99","1449.61","83","83","6.186504","17","430.7973","2875980","5.67","70.75112","","",""
"India","2014","68.286","83.58521","804.5163","67.616","99.49","1573.886","85","85","3.331757","16.1","435.7612","3048790","5.6","71.4754","","",""
"Nigeria","2000","46.267","42.93612","74.49062","65.16","67.25","567.9307","29","33","22.67374","29.2","134.2643","189750","3.83","53.9306754","","",""
"Nigeria","2001","46.51","43.76881","75.56978","64.331","67.04","590.3818","27","32","10.07648","29.6","137.6792","202020","3.82","52.7802629","","",""
"Nigeria","2002","46.835","44.59322","104.661","63.492","70.53","741.7475","25","30","21.10905","29.8","141.1949","206590","3.85","52.6013497","","",""
"Nigeria","2003","47.242","52.2","101.9252","62.644","73.57","795.3862","29","34","9.804324","28.6","144.8232","214100","3.84","54.7731781","","",""
"Nigeria","2004","47.72","46.21247","123.6325","61.788","78.45","1007.874","33","37","22.36834","27.6","148.578","217970","3.81","59.914901733333","","",""
"Nigeria","2005","48.252","47.00511","129.327","60.926","82.84","1268.383","36","41","19.85849","27","152.4699","234450","3.77","65.056625366667","","",""
"Nigeria","2006","48.812","47.78862","111.7524","60.057","88.17","1656.425","40","44","23.86438","26.4","156.5031","229740","3.69","70.198349","","",""
"Nigeria","2007","49.373","50.13092","138.9094","59.181","82.16","1883.461","42","41","7.099731","25.9","160.6772","227900","3.62","60.638004305","","",""
"Nigeria","2008","49.913","50.3","127.2446","58.298","87.47","2242.872","53","53","7.921387","25.1","164.9918","230830","3.59","51.07765961","","",""
"Nigeria","2009","50.422","50.14578","120.6351","57.412","77.01","1891.335","63","64","0.686099","25.3","169.4445","212730","3.75","52.171493649","","",""
"Nigeria","2010","50.896","48","136.4263","56.52","86.85","2280.437","54","56","16.34277","25.1","174.0321","234930","3.77","53.265327688","","",""
"Nigeria","2011","51.346","55.9","150.198","55.634","80.83","2487.598","48","49","9.778458","22.5","178.7554","253110","3.77","54.359161727","","",""
"Nigeria","2012","51.786","53.1539","156.7972","54.754","88.7","2723.822","42","42","9.947637","22.1","183.6126","257540","3.74","55.452995766","","",""
"Nigeria","2013","52.228","55.6","142.7292","53.882","86.12","2961.549","43","43","4.964746","22","188.5941","271940","3.7","56.546829805","","",""
"Nigeria","2014","52.672","54.42453","144.5254","53.018","97.41","3098.986","43","44","4.662623","21.9","193.6877","281650","4.56","57.640663844","","",""
"Mexico","2000","74.34","98.00713","1800.468","25.278","71.89","7157.814","97","96","11.15221","14.2","50.87571","531670","2.65","90.53562","","",""
"Mexico","2001","74.658","97.1432","1834.151","24.955","76.11","7544.569","97","95","6.04149","14","51.59503","529010","2.63","90.35031","","",""
"Mexico","2002","74.922","97.89709","1843.964","24.635","76.08","7593.137","97","96","5.503366","14.4","52.30832","534200","3","90.27465","","",""
"Mexico","2003","75.118","97.50494","2001.018","24.318","78.56","7075.37","98","96","4.039456","15","53.02658","556090","3.46","90.50738","","",""
"Mexico","2004","75.243","98.5977","1927.074","24.003","80.56","7484.486","98","96","7.961711","15","53.76421","563270","3.94","90.95374","","",""
"Mexico","2005","75.3","98.93273","1996.393","23.692","80.01","8277.672","98","96","5.873921","15.6","54.53083","586270","3.56","91.63027","","",""
"Mexico","2006","75.296","99.11416","2020.953","23.384","83.83","9068.294","98","96","6.389222","15.6","55.33072","609010","3.57","91.73452","","",""
"Mexico","2007","75.255","98.11063","2047.531","23.08","85.92","9642.681","98","96","5.789061","14.1","56.15911","630890","3.63","92.79517","","",""
"Mexico","2008","75.194","98.91404","2046.694","22.778","88.21","10016.57","96","96","6.172512","15.4","57.00521","660920","3.87","92.9256","","",""
"Mexico","2009","75.128","98.40973","1995.298","22.48","86.15","8002.972","95","96","3.947663","15.8","57.85328","645320","5.36","93.44188","","",""
"Mexico","2010","75.065","99.2367","2018.827","22.185","88.57","9271.398","95","95","4.545151","14.5","58.6913","650160","5.3","93.06894","","",""
"Mexico","2011","75.011","99.06409","2216.906","21.889","87.08","10203.42","97","98","5.842873","14.4","59.51566","664660","5.17","93.51998","","",""
"Mexico","2012","74.966","99.11164","2253.514","21.595","91.88","10241.73","99","99","4.065927","14.6","60.32776","659240","4.89","94.2284","","",""
"Mexico","2013","74.93","99.23203","2144.089","21.301","94.41","10725.18","83","89","1.529731","13.3","61.12665","652690","4.91","93.96285","","",""
"Mexico","2014","74.908","99.17293","2157.324","21.007","97.26","10928.92","87","97","4.439719","13.3","61.91267","645940","4.81","94.55588","","",""
"Brazil","2000","70.116","94.36401","1897.353","18.808","56.62","3749.753","98","99","5.606065","19.7","20.91259","765600","9.9","86.36788","","",""
"Brazil","2001","70.462","96.01653","1747.94","18.447","59.44","3156.799","98","99","8.225094","20.1","21.20042","796350","9.61","86.929970365","","",""
"Brazil","2002","70.813","96.653","1806.67","18.12","62.88","2829.283","99","96","9.798112","21.2","21.48056","823220","9.37","87.49206073","","",""
"Brazil","2003","71.17","96.9801","1882.264","17.797","68.08","3070.911","99","97","14.09102","21","21.75236","837390","9.99","88.054151095","","",""
"Brazil","2004","71.531","96.76511","1956.159","17.479","70.54","3637.462","99","97","7.752061","22.2","22.01524","883460","9.11","88.61624146","","",""
"Brazil","2005","71.896","97.09351","2015.8","17.166","71.32","4790.437","99","98","7.431225","22.4","22.26896","888930","9.57","89.11573573","","",""
"Brazil","2006","72.26","97.59431","2072.363","16.857","74.86","5886.464","99","99","6.774274","21.8","22.51307","886910","8.64","89.61523","","",""
"Brazil","2007","72.618","98.12538","2167.607","16.552","80.09","7348.031","99","99","6.439038","22.5","22.74794","911240","8.33","90.00937","","",""
"Brazil","2008","72.966","98.52663","2229.845","16.251","84.94","8831.023","99","99","8.778553","22.6","22.97525","924380","7.34","90.03662","","",""
"Brazil","2009","73.3","98.85694","2197.126","15.956","84.23","8597.915","99","99","7.313483","22.2","23.19733","905490","8.52","90.29821","","",""
"Brazil","2010","73.619","99.35217","2374.117","15.665","88.83","11286.24","99","99","8.423338","24.3","23.41593","986440","7.73","90.37918","","",""
"Brazil","2011","73.921","99.32869","2430.803","15.369","92.38","13245.61","99","99","8.318565","24.5","23.6314","1004840","6.92","91.41124","","",""
"Brazil","2012","74.209","99.51949","2501.474","15.077","91.16","12370.02","95","99","7.943179","24.8","23.8435","1042040","7.19","91.33785","","",""
"Brazil","2013","74.483","99.57515","2568.83","14.791","97.61","12300.32","97","98","7.50454","23.1","24.05271","1070850","6.98","91.48424","","",""
"Brazil","2014","74.745","99.65025","2619.96","14.508","99.13","12112.59","93","97","7.84671","23.6","24.25943","1105900","6.66","91.72943","","",""
"Colombia","2000","72.945","95.2","845.5975","26.043","71.61","2520.481","79","88","33.67537","20","35.71876","139710","20.52","92.60023","","",""
"Colombia","2001","73.241","98.47","865.9091","25.621","72.16","2439.682","80","93","6.518448","20","36.28297","142190","15.04","92.67211","","",""
"Colombia","2002","73.517","94.93788","873.2644","25.203","73.89","2396.627","81","93","5.968191","19","36.84125","141230","15.63","92.71398","","",""
"Colombia","2003","73.777","95.18397","876.4129","24.789","76.42","2281.402","92","93","6.829015","17.2","37.3897","143240","14.19","92.76249","","",""
"Colombia","2004","74.026","95.41942","912.1837","24.38","78.64","2782.623","89","94","7.283033","17.5","37.92335","145070","13.72","92.80378","","",""
"Colombia","2005","74.265","96.8","909.216","23.976","80.03","3414.465","93","96","4.753196","16.9","38.43869","147790","11.87","92.84866","","",""
"Colombia","2006","74.5","95.85786","961.0448","23.577","83.46","3741.093","93","95","5.807661","17.4","38.93727","149020","11.53","92.29968","","",""
"Colombia","2007","74.732","96.06946","988.5793","23.184","86","4714.073","93","93","5.202034","17.9","39.42092","154390","11.2","92.65179","","",""
"Colombia","2008","74.962","96.80676","988.4539","22.796","89.49","5472.537","92","95","7.677383","18","39.88731","155750","11.27","93.37818","","",""
"Colombia","2009","75.193","96.05723","1065.608","22.413","85.37","5193.241","92","89","4.064225","17.7","40.33353","159900","12.07","93.24469","","",""
"Colombia","2010","75.424","96.789","1094.561","22.036","82.82","6336.709","88","88","3.80486","16.2","40.75953","164350","10.98","93.37233","","",""
"Colombia","2011","75.655","96.6936","1139.66","21.665","85.23","7335.167","85","88","6.386803","15.8","41.15615","166910","10.11","93.58053","","",""
"Colombia","2012","75.882","97.03218","1170.074","21.299","92.74","8050.255","91","94","3.616655","16.7","41.52837","165340","9.74","93.80238","","",""
"Colombia","2013","76.105","97.77942","1310.665","20.939","96.05","8218.348","91","92","1.907676","16.7","41.90671","172010","9.05","94.00546","","",""
"Colombia","2014","76.322","97.79094","1312.199","20.585","96.87","8114.344","90","91","2.235632","16.9","42.33232","175230","8.57","94.18625","","",""
"Russia","2000","65.48366","100","5198.406","26.65","69.05","1771.594","96","97","37.69793","27.9","8.949015709","2194340","10.58","99.38014602","","",""
"Russia","2001","65.38341","100","5274.363","26.654","73.68","2100.353","96","97","16.47962","28.8","8.911633753","2220860","8.98","99.410558695","","",""
"Russia","2002","65.12878","100","5304.415","26.659","75.58","2377.53","97","98","15.66191","29.6","8.870461463","2241450","7.88","99.44097137","","",""
"Russia","2003","65.02756","100","5478.13","26.627","72.96","2975.125","96","98","13.65714","31","8.830278652","2317610","8.21","99.471384045","","",""
"Russia","2004","65.47098","100","5633.846","26.582","75.36","4102.365","97","98","20.25515","29.9","8.794658032","2362470","7.76","99.50179672","","",""
"Russia","2005","65.52976","100","5770.101","26.537","75.82","5323.463","98","99","19.27943","28.8","8.761088894","2373120","7.12","99.532209395","","",""
"Russia","2006","66.72756","100","6098.533","26.492","76.92","6920.189","98","99","15.12041","27.5","8.734394184","2445030","7.06","99.56262207","","",""
"Russia","2007","67.58683","100","6286.049","26.447","78.64","9101.255","98","99","13.84124","28.2","8.71946398","2456090","6","99.593034745","","",""
"Russia","2008","67.94927","100","6399.684","26.402","87.73","11635.27","98","99","18.01352","25.5","8.716095689","2484910","6.21","99.62344742","","",""
"Russia","2009","68.68463","100","6095.38","26.358","86.51","8562.813","98","98","1.970613","21.7","8.718720305","2339900","8.3","99.653860095","","",""
"Russia","2010","68.84122","100","6409.894","26.313","73.78","10675","97","98","14.19111","20.5","8.722635522","2454000","7.37","99.68427277","","",""
"Russia","2011","69.6839","100","6485.759","26.268","91.29","14311.08","97","98","24.46009","21.1","8.729440241","2546200","6.54","99.68999576875","","",""
"Russia","2012","70.0722","100","6617.134","26.209","84.67","15420.87","97","98","8.907868","21.4","8.744144699","2566170","5.44","99.694996297656","","",""
"Russia","2013","70.57878","100","6539.207","26.137","92.44","15974.64","97","98","5.320139","20.7","8.762785258","2529020","5.46","99.699996826563","","",""
"Russia","2014","70.74366","100","6602.657","26.05","97.67","14095.65","97","98","7.490071","20.3","8.78187755","2521740","5.16","99.704997355469","","",""
"Zimbabwe","2000","44.649","33.8507","897.8678","66.242","107.1","563.0575","78","75","0.6279000341","29.3","30.7134083","31810","5.64","83.515951","","",""
"Zimbabwe","2001","44.01","34.21405","872.0297","65.83","114.2","568.3863","75","73","-0.1308902006","29.7","30.82307354","32170","5.3","83.519322","","",""
"Zimbabwe","2002","43.523","34.2","878.3455","65.415","89.27","530.5304","71","70","2.712950297","32.4","30.90162337","29180","5.03","83.522693","","",""
"Zimbabwe","2003","43.195","34.91471","879.6367","65.521","100.53","478.0076","68","68","8.801275563","33.7","30.97381155","26480","4.72","83.526064","","",""
"Zimbabwe","2004","43.065","35.24966","855.7468","65.706","121.32","482.9985","65","66","7.611524353","34.8","31.07124467","26360","4.39","83.529435","","",""
"Zimbabwe","2005","43.241","35.57295","891.8829","65.89","101.88","476.5554","68","67","5.136601077","35.3","31.21803541","26760","4.48","83.532806","","",""
"Zimbabwe","2006","43.853","37.2","871.9513","66.074","115.52","447.8547","70","68","-2.017678703","36.5","31.42172935","25680","4.52","83.536177","","",""
"Zimbabwe","2007","44.947","36.19822","760.204","66.257","112.34","431.7873","73","69","0.8948868479","36.6","31.68132351","26090","4.57","83.539548","","",""
"Zimbabwe","2008","46.504","36.51251","627.8902","66.44","93.77","356.6932","75","70","1.349222474","37.5","32.0009125","24150","4.67","83.542919","","",""
"Zimbabwe","2009","48.449","43.36908","585.4571","66.622","96.35","771.599","73","76","95.40865975","37.9","32.38196717","25170","5.03","83.54629","","",""
"Zimbabwe","2010","50.64","40.45818","606.644","66.804","108.62","948.3315","89","90","4.098404937","37.6","32.82338891","28080","5.22","83.549661","","",""
"Zimbabwe","2011","52.896","36.9","636.249","66.985","105.42","1093.653","93","92","2.55317575","37.4","33.3315833","30550","5.37","83.58","","",""
"Zimbabwe","2012","55.032","44","608.7617","67.166","110.82","1304.968","95","97","4.028576874","37.3","33.90241437","30780","5.38","85.28","","",""
"Zimbabwe","2013","56.897","38.33635","628.7462","67.346","110.08","1429.998","95","93","9.370602888","37.7","34.51047693","30860","5.38","86.98","","",""
"Zimbabwe","2014","58.41","32.3","609.1247","67.496","102.92","1434.896","91","92","-0.2521409944","37.9","35.12139072","29350","5.33","88.69","","",""
"Iran","2000","70.176","97.9","1546.506","35.958","68.41","1670.01","99","99","24.97251","26.8","40.2904","466760","11.48","73.37253316","","",""
"Iran","2001","70.553","98.11628723","1643.98","35.242","69.79","1909.412","96","96","16.55672","30.6","40.79736","483520","12.09","75.18626658","","",""
"Iran","2002","70.921","98.24790955","1745.268","34.532","81.2","1911.679","99","99","29.22628","33.5","41.31045","508200","12.8","77","","",""
"Iran","2003","71.265","98.37006378","1888.688","33.828","83.83","2253.936","99","99","13.06076","38.9","41.82504","537500","11.54","78.81373342","","",""
"Iran","2004","71.592","98.48157501","2009.52","33.131","82.4","2756.199","99","96","24.65176","39","42.3336","574430","10.3","80.62746684","","",""
"Iran","2005","71.917","98.58142853","2079.56","32.442","90.93","3246.051","95","94","20.16619","41","42.83157","613270","12.1","82.44120026","","",""
"Iran","2006","72.257","98.4","2221.197","31.761","94.11","3774.358","98","99","14.58259","40.3","43.31808","661390","11.2","82.33132172","","",""
"Iran","2007","72.626","98.7598114","2307.291","31.136","101.87","4904.666","99","97","22.93906","33.1","43.79803","699780","10.6","82.64681244","","",""
"Iran","2008","73.027","98.85066223","2422.581","30.542","77.45","5717.314","99","98","19.42198","33.4","44.27946","713330","10.48","82.96230316","","",""
"Iran","2009","73.457","99.71","2505.854","29.955","85.11","5709.948","99","99","4.598517","32.5","44.77322","737580","11.97","83.128225325","","",""
"Iran","2010","73.905","99.64732361","2659.955","29.374","90.31","6599.661","99","99","15.88263","32.5","45.28753","743550","13.52","83.29414749","","",""
"Iran","2011","74.352","99.69103241","2681.505","28.8","89.51","7781.406","99","99","23.74298","27.7","45.82318","750700","12.45","83.460069655","","",""
"Iran","2012","74.776","99.71684265","2784.622","28.245","92.6","7927.845","99","98","24.01611","26.1","46.37877","761050","12.63","83.62599182","","",""
"Iran","2013","75.162","99.83","2830.811","27.705","97.1","6018.323","98","98","35.56745","24.3","46.95717","781950","10.44","84.62680054","","",""
"Iran","2014","75.502","100","3022.122","27.17","101.57","5585.526","99","99","10.83811","22.5","47.56119","794190","10.57","84.70523834","","",""
"High","2000","77.593801372439","99.949978305389","8832.5380432095","23.286000599329","92.265","25760.554680399","92.70234632111","91.165002831853","2.6615540308709","14.072148339505","30.754590102478","15617400","6.5230521668391","99","","",""
"High","2001","77.895553503523","99.945646150065","8747.5899725835","22.947344819757","89.8475","25342.58745312","94.430101618556","91.599544951953","2.4835229660548","13.550239251346","30.954815059116","15652670","6.505985912762","99","","",""
"High","2002","78.033790559816","99.949690022741","8898.6837539447","22.557047917754","91.9525","26229.54766587","94.522627225557","92.085954913666","2.7243493952577","13.389233500829","31.161127826149","15534800","7.0118110067041","99","","",""
"High","2003","78.160908965487","99.971413460531","8978.2999910256","22.1908459626","87.0325","29214.137536173","95.754757436257","92.817985863646","2.4101452774945","12.946294547876","31.364737734018","15665550","7.1541869918381","99","","",""
"High","2004","78.574733421338","99.956362171632","9109.5541973484","21.835754834774","92.9275","32292.661833605","95.502959443424","93.058153433928","2.7007401571168","12.526180673446","31.58032033381","15857270","6.9761514903191","99","","",""
"High","2005","78.67339638155","99.959099702416","9274.3053368492","21.493272916342","91.78","33912.929252904","95.66305618402","92.723822028104","2.7011942939046","12.229206406137","31.801594012794","15854300","6.674976330957","99","","",""
"High","2006","78.983456879594","99.985642371643","9287.8322620624","21.177724592926","92.2475","35541.054425553","96.132311589819","93.012150752675","2.8990732171037","11.871620057295","32.043007209038","15828870","6.1303335320195","99","","",""
"High","2007","79.218514773457","99.96887518575","9380.7855354254","20.879216624832","89.41","38550.491123416","95.869325061768","92.998633745278","3.1743437870145","11.220510972952","32.296721202108","16001170","5.6117305613425","99","","",""
"High","2008","79.365988877576","99.971617487122","9337.8790816151","20.588915267002","92.3275","40633.077350445","95.99235542461","93.106470532091","3.8234851959926","10.360151127835","32.581274798026","15693610","5.8771553834932","99","","",""
"High","2009","79.646586914547","99.989478199543","8933.6371883327","20.309546039183","93.0175","37826.079780265","95.537903573313","92.328809325429","1.0981358637271","9.4465606511986","32.82216372676","14924080","7.9776111803323","99","","",""
"High","2010","79.826213187919","99.991525974795","9310.1239489542","20.037594539312","92.7675","39390.732446385","95.618953067878","93.262863089863","1.4733573500674","8.9531760021209","33.037815460014","15434780","8.231986057152","99","","",""
"High","2011","80.067766145982","99.990670376388","9193.7135430033","19.831647418996","93.725","42323.083939861","96.129197728832","93.389845827147","2.0257687088928","8.84663420304","33.194012472923","15287650","7.8978663669596","99","","",""
"High","2012","80.186773941705","99.998420825486","9130.218511947","19.658394820254","93.86","42116.652567052","95.625011250244","93.534603522977","1.9394841740431","8.648400719839","33.39415330342","15138710","7.9357767162711","99","","",""
"High","2013","80.364781860609","99.992550006935","9130.0106519207","19.490211042587","96.8325","42368.486097946","95.403747289801","93.806458183683","1.2881122716137","8.2018472072328","33.589974891556","15164560","7.8448547965709","99","","",""
"High","2014","80.623391280408","99.998969852038","9065.8662110724","19.322933761912","100.29","43033.378005863","95.654931359107","94.152837337909","1.1163317188474","8.046503781758","33.791350157296","15013220","7.2408269234179","99","","",""
"Middle","2000","70.596577432344","95.372003549756","1598.8458533326","50.561614509385","67.2925","1968.2725081471","87.875228224588","87.950073381581","7.6930729783869","21.25469673372","40.736900682337","10806520","5.5819472104469","90.586532592773","","",""
"Middle","2001","70.860805640464","95.90950769399","1640.7841210409","49.683107086602","70.3475","1964.003535436","88.180748156031","88.400638404884","5.9772006986729","21.48890925307","41.073149922574","11121000","5.7745838411902","90.970352172852","","",""
"Middle","2002","71.108391722575","96.329621574411","1726.0373810875","48.734317634878","72.1075","1965.4937786719","88.295403409355","87.857089244008","4.727181840181","21.731095426802","41.3932688467","11551490","6.0647030134162","91.19953918457","","",""
"Middle","2003","71.368802715609","96.58413841088","1869.2761376806","47.766727638676","74.005","2183.9226572982","87.984930435029","87.61454752441","4.7185667294486","21.316848729176","41.705612941689","12386260","6.2608888457535","91.734657287598","","",""
"Middle","2004","71.663045710538","96.856881691086","2014.9359544336","46.788772296571","76.275","2599.0834144159","89.313453780552","88.303271854806","7.2830334069642","20.982712976056","42.011806345766","13368530","6.0486595065432","92.019317626953","","",""
"Middle","2005","71.922290842956","97.123844665694","2151.5704341863","45.805413775915","76.795","3102.4555814475","89.772706492215","88.708823815802","6.6451859814479","21.077528893527","42.31573378208","14222980","5.9433462091866","92.388610839844","","",""
"Middle","2006","72.258581269294","97.564120006685","2344.7057205634","44.840369210646","79.7675","3661.71787686","92.868450678081","92.755000245326","7.8001266024006","21.05786451209","42.615016961677","15103480","5.7001846290673","92.654449462891","","",""
"Middle","2007","72.575923198995","97.630854438316","2544.8113850692","43.882459185615","82.6625","4519.8763025243","93.002714353196","93.01861887048","6.4390380905069","21.167110165827","42.902089174641","15890700","5.448075939279","93.503372192383","","",""
"Middle","2008","72.864692328469","97.92373498042","2633.0986047162","42.921350585709","87.5925","5481.1462697678","95.240990342463","95.305893625009","9.1388607834691","20.710889153717","43.194874941923","16390910","5.5065097566743","93.737373352051","","",""
"Middle","2009","73.189897434438","98.231745700328","2696.3957134315","41.960961583765","85.565","5231.2365046254","96.288868961258","96.309406478374","2.4972530789156","20.319682734131","43.49570349232","16717080","5.9908292135457","94.005760192871","","",""
"Middle","2010","73.470727829056","98.762951909325","2951.692446321","40.997711225561","83.5","6306.6284031261","96.000658780109","95.980413999021","5.1375729884662","20.171090116652","43.794817931088","17906320","5.6924393428414","94.147918701172","","",""
"Middle","2011","73.807628348653","98.841680057616","3185.218463149","40.082271389912","88.995","7552.6046240258","95.959307473537","96.475430703981","5.9105109580173","20.516957571016","44.104911820274","18978020","5.524930296636","94.373329162598","","",""
"Middle","2012","74.116673635967","99.019430594244","3305.0676752083","39.19052886002","90.1125","8031.6972265509","95.718959957176","96.468857575168","4.1940692306183","20.205677646306","44.42789785699","19438090","5.5113137636447","94.785011291504","","",""
"Middle","2013","74.433580693941","99.09019732688","3478.6065267604","38.306210285967","95.1275","8566.4997436032","95.060560857459","95.47940104","2.6578302396626","19.478091522916","44.760849066931","19929050","5.5115857206174","94.841819763184","","",""
"Middle","2014","74.711444364071","99.129840224158","3577.4198865973","37.426847934024","97.7325","8769.6548087507","94.730069224679","95.489926857132","2.4674667836638","18.904655902544","45.096525671583","19964160","5.4954739199221","95.258613586426","","",""
"Low","2000","62.615289624573","62.73414239784","459.75332114933","66.294606752623","76.83","612.66463247568","65.898669950255","64.690950266079","6.3259024852859","17.848281443616","95.809827983679","5384390","5.7136249957225","64.113067626953","","",""
"Low","2001","62.938881556494","61.085554267514","467.6098037853","65.945425485307","79.4","615.67816489104","66.408190538633","65.459839552774","6.7421513124035","17.982830310899","97.486974762602","5484590","5.6885231572666","64.611976623535","","",""
"Low","2002","63.277829225808","64.337145989802","483.85272879835","65.550974011333","75.6325","648.50271780736","65.708675366916","64.809126015831","4.4650099897893","18.116795922713","99.165369888805","5600490","5.7356608734476","65.448539733887","","",""
"Low","2003","63.620684901315","65.75712368888","506.33580787092","65.148909103097","81.4075","732.60057673026","68.162102637908","67.377044616336","5.5133832922082","18.054392185331","100.84569438415","5789890","5.6917894760157","66.37557220459","","",""
"Low","2004","63.976693671831","66.247943937619","532.56340895701","64.742146486267","87.2","835.06211685785","70.412749266135","70.046363850006","6.6688034906404","18.035033697783","102.53577723969","5964770","5.5834363312969","67.126342773438","","",""
"Low","2005","64.344089934324","67.405398381276","553.79555743838","64.329536692883","86.4475","955.25797030804","70.806695547508","72.025866604287","6.3011713589227","18.309402456256","104.22496273928","6146240","5.5960572879026","66.75080871582","","",""
"Low","2006","64.731971025179","69.100340264414","585.87823707884","63.915075047647","92.87","1115.995981041","71.353725095949","72.769283593029","8.4849430959461","18.35454600305","105.92157476701","6379980","5.3248214702661","67.547073364258","","",""
"Low","2007","65.132259680563","69.924613578314","612.58241651421","63.497064858464","94.09","1350.9569397676","70.829884462934","73.14575024265","7.0220746244141","18.345729076871","107.62792536351","6685230","5.2218782309346","67.339027404785","","",""
"Low","2008","65.537063177685","71.757398768749","625.6725313162","63.072874309027","85.055","1503.9315278935","74.824767400285","74.96114862265","10.532909553349","18.407696075814","109.34532341058","6839860","5.0634112589303","68.596321105957","","",""
"Low","2009","65.957076822086","73.504404903185","645.37908882862","62.642470836532","84.52","1504.9621943416","77.406121916109","78.500721679825","3.5291744316319","18.324038732477","111.07229848314","6990650","5.2252627028913","69.281616210938","","",""
"Low","2010","66.372158523951","74.062004865843","688.54286201276","62.205295407472","92.8525","1801.825852277","78.316908319578","79.564679080763","7.9610860072318","18.42429885819","112.82040987991","7234560","5.145084778718","70.500183105469","","",""
"Low","2011","66.766305034197","71.590568329696","728.20906054388","61.766581363292","91.6575","2020.2079668992","80.09970053573","80.274518400449","8.7833741841354","18.142921178918","114.57533883406","7514210","5.1340280643134","70.710121154785","","",""
"Low","2012","67.136205351818","77.216044207954","754.05931472375","61.323719336147","96.2725","2087.3228771884","80.380661498629","79.996132017007","7.1113882584443","17.903931872011","116.32317864745","7719030","5.1192184076407","71.586273193359","","",""
"Low","2013","67.486717941533","77.891865384497","782.4091671331","60.874929076496","97.5725","2093.3786117365","80.284087742484","80.972980371792","4.3635603071281","17.561040952841","118.08480305087","7844500","5.1445134643711","72.107070922852","","",""
"Low","2014","67.811506614512","79.231650815561","811.2594952861","60.420386516575","100.3475","2145.4957307941","81.013682300389","81.296539408616","3.9093622017261","17.150668025986","119.85639155659","8134560","5.08674342854","72.863578796387","","",""
