Country Name,2000,2001,2002,2003,2004,2005,2006,2007,2008,2009,2010,2011,2012,2013,2014
Aruba,91.660398,100,100,100,100,100,100,100,100,100,93.35629215,100,100,100,100
Africa Eastern and Southern,20.08600661,23.10317848,24.22343015,25.02318413,26.17633577,23.62149844,27.29943305,28.73795234,28.8137354,27.48306125,28.23337289,28.38183599,32.22402744,32.0464781,31.3235788
Afghanistan,,,,,,22.29526901,28.09996223,33.9016037,42.4,45.52068329,42.7,43.22201891,69.1,68.98294067,89.5
Africa Western and Central,34.65801135,35.6643106,36.40355023,40.6739752,37.7579127,38.00790869,39.86070626,40.74423219,41.68669872,41.86571258,41.73088116,45.90129863,44.13035389,47.01816265,47.74549899
Angola,,20,26.38386917,27.4656353,28.53676033,29.59622383,30.64655495,37.5,38.49,33.80418396,34.87972641,34.6,37.10102463,38.24899292,32
Albania,100,100,100,100,100,100,100,100,100,100,100,100,99.9,100,99.95
Andorra,100,100,100,100,100,100,100,100,100,100,100,100,100,100,100
Arab World,78.87247574,79.55913883,77.51197685,78.75741687,79.09690383,79.9916919,84.2563358,82.29067275,84.65056557,84.09216888,86.06507159,86.33862811,86.09902247,88.1011389,87.20162878
United Arab Emirates,100,100,100,100,100,100,100,100,100,100,100,100,100,100,100
Argentina,95.44536591,95.51106347,96.04728699,96.33463287,96.61134338,96.87638855,97.13230133,97.38516998,97.64122009,97.90668488,98.82,99.0802002,99.22885895,99.35622406,100
Armenia,98.9,100,98,99.22579956,99.24093628,99.8,99.23873901,99.23002625,99.22450256,99.22839355,99.8,99.60435486,99.61703491,99.42,99.71
American Samoa,,,,,,,,,,,,,,,
Antigua and Barbuda,97.45578003,97.60110474,100,97.86569977,97.98262787,92.2,100,100,100,98.47905731,98.60040283,94.55201403,100,100,100
Australia,100,100,100,100,100,100,100,100,100,100,100,100,100,100,100
Austria,100,100,100,100,100,100,100,100,100,100,100,100,100,100,100
Azerbaijan,98.90822245,98.62342072,100,98.97785187,99.13969421,99.28987885,99.5,99.56891632,99.7101059,99.86070251,99.94705963,99.9,100,100,100
Burundi,2.439689159,2.801317215,3.154657125,3.498532534,3.831767321,3.207317073,2.66,4.775167942,4.8,5.40973711,5.3,6.106936455,6.5,6.9,7
Belgium,100,100,100,100,100,100,100,100,100,100,100,100,100,100,100
Benin,21.5398941,21.9,23.4730835,24.42607117,25.36841774,26.29910088,27.9,28.13915253,29.0608387,29.99194527,34.2,36.9,38.4,34.65625,34.1
Burkina Faso,9.071893692,9.544128418,10.00807476,11.4,10.90639877,11.33857822,11.76162434,12.18161964,12.60480118,12.63,13.1,14.89940453,15.16293812,15.40517426,19.2
Bangladesh,32,35.109272,37.88195801,40.64517975,40.6,44.23,50.52510246,46.5,54.33111954,57.07246017,55.26,59.6,65.41366577,61.5,62.4
Bulgaria,100,100,100,100,100,100,100,100,100,100,100,100,100,100,100
Bahrain,100,100,100,100,100,100,100,100,100,100,100,100,100,100,100
"Bahamas, The",100,100,100,100,100,100,100,100,100,100,100,100,100,100,100
Bosnia and Herzegovina,100,99.4,98.5,100,100,100,99.38727699,99.7,100,100,100,99.70578055,100,99.5,100
Belarus,100,100,100,100,100,100,100,100,100,100,100,100,100,100,100
Belize,79,80.2023468,81.06098175,81.91015625,82.74869537,83.57556152,90.98853086,85.20799255,86.02586365,86.85315704,89.91722437,91.68173599,90.98912048,91.16732788,91.37887573
Bermuda,100,100,100,100,100,100,100,100,100,100,100,100,100,100,100
Bolivia,69.963045,69.258539,63.996855,72.3,76.04425049,68.288209,76.211281,80.156567,84.674991,86.765597,88.31281281,88.335943,90.387375,89.505686,90.038729
Brazil,94.36400604,96.016528,96.652996,96.980098,96.765107,97.093513,97.594314,98.125382,98.526625,98.856938,99.35217285,99.328691,99.519494,99.575151,99.650247
Barbados,100,100,100,100,99.99882507,99.99047852,100,100,100,100,100,100,100,100,100
Brunei Darussalam,100,100,100,100,100,100,100,100,100,100,100,100,100,100,100
Bhutan,31.15,40.09151077,44.04301453,41.1,51.91645432,59.80811164,59.74679565,71.8,67.56508636,71.48524475,73.28291087,81.68799591,91.5,87.37114716,91.39948273
Botswana,27.27221298,24.8,31.68865013,33.88325882,36.06723022,38.23953629,40.40270996,42.56283188,44.5,43.36,51.78107071,53.24,55.87431335,57.89068604,59.94039536
Central African Republic,6,5.761561871,6.226599216,6.682172775,7.127105236,7.560374737,7.805169325,8.40559864,7.48,9.263563156,9.8,10.3107233,10.89428234,11.45654297,12.05214119
Canada,100,100,100,100,100,100,100,100,100,100,100,100,100,100,100
Central Europe and the Baltics,100,100,100,100,100,100,100,100,100,100,100,100,100,100,100
Switzerland,100,100,100,100,100,100,100,100,100,100,100,100,100,100,100
Channel Islands,100,100,100,100,100,100,100,100,100,100,100,100,100,100,100
Chile,97.938687,97.13110352,97.33703613,98.782325,97.71933746,97.89350891,99.368108,98.22052002,98.38568878,99.593662,99.64228821,99.588193,100,99.6,100
China,96.93087006,97.21321869,97.4872818,97.75187683,98.00583649,98.2481308,98.48129272,98.71140289,98.94470215,99.18741608,99.7,99.85722351,99.96487427,99.99700928,100
Cote d'Ivoire,48.67458344,49.66616821,51.4,51.62330627,52.58650208,58.9,60.17105263,55.41978073,60.3,57.31427383,58.28188705,55.8,55.8,61.32735825,61.9
Cameroon,41,46.2,44.06614304,45.16857147,47.1,47.34048462,49,48.2,50.55054855,51.63109589,52.72730255,53.7,54.98992157,56.15855408,56.8
"Congo, Dem. Rep.",6.7,7.160378456,7.820706367,8.471570015,9.111793518,6,10.35978127,15.2,11.59572029,12.22470379,12.86934471,13.53587914,15.4,14.94590092,13.5
"Congo, Rep.",,,,,,33.8,34.91806793,35.86069107,36.80649567,37.1,39.96152115,40.80084991,41.6,42.42240524,43.255867
Colombia,95.2,98.47,94.93788147,95.18396759,95.41941833,96.8,95.85785675,96.06945801,96.806763,96.057229,96.788995,96.6936,97.032176,97.779418,97.790938
Comoros,39.74314117,42.05736542,44.8,46.65977859,48.94561005,51.21978378,53.48482132,55.7468071,58.01197815,60.2865715,70.18231201,69.60940552,69.3,69.59020996,71.97298431
Cabo Verde,,,58.6,63.26335907,65.22930145,67,69.12872314,71.07081604,73.01609802,74.97080231,81.1,79.46784973,80.95207977,82.99486542,85.05774689
Costa Rica,96.94,98.24978,98.509188,98.695902,98.954779,99.053051,99.147523,99.217998,99.263937,99.409804,98.995734,99.232348,99.503298,99.563517,99.359291
Caribbean small states,86.7479205,89.39385368,89.24681447,89.38121107,89.88654647,90.3162375,90.79527856,91.74867885,92.88584382,92.20245892,93.39830918,93.37721797,94.39591746,94.88178763,94.80531373
Cuba,97,96.21989441,95.5,96.55662537,96.70960999,96.85093689,96.98313141,97.11227417,97.24460602,97.38635254,97.54376221,97.72306824,97.92878723,98.15862274,98.40854645
Curacao,100,100,100,100,100,100,99.99783325,99.98529816,99.9539032,99.90898132,100,100,100,100,100
Cayman Islands,100,100,100,100,100,100,100,100,100,100,100,100,100,100,100
Cyprus,100,100,100,100,100,100,100,100,100,100,100,100,100,100,100
Czech Republic,100,100,100,100,100,100,100,100,100,100,100,100,100,100,100
Germany,100,100,100,100,100,100,100,100,100,100,100,100,100,100,100
Djibouti,56.3621521,56.37202072,49.7,56.36572266,56.34719849,56.31701279,55.5,56.23532486,56.19614029,56.16637802,56.15227127,56.16006088,54.6,56.25259018,56.6339035
Dominica,80.96955109,82.31006622,87.7,84.965065,86.27719116,87.57765198,88.86898041,90.15726471,90.9,92.7496109,94.06615448,95.40458679,96.76944733,98.15841675,99.56747437
Denmark,100,100,100,100,100,100,100,100,100,100,100,100,100,100,100
Dominican Republic,88.764932,89.791362,89.749814,89.173808,90.316567,90.141224,90.118148,96.876342,97.576197,97.85776,98.145414,97.898872,97.86705,98.385853,98.470979
Algeria,,,,,,,,,99.3,98.81757355,98.82183838,98.84799194,98.76466047,98.97725677,99.07403564
East Asia & Pacific (excluding high income),92.52939546,93.07345294,92.3103665,92.54857721,93.49369402,93.13238043,94.20662621,94.28223378,94.76007529,94.60373693,95.04764361,95.70095929,95.97143596,96.19661212,96.36319365
Early-demographic dividend,65.97408855,64.7813653,68.16721631,69.29426242,70.09155012,70.61107758,72.63652604,74.9653471,75.43365705,77.36205082,78.61938128,75.16328199,81.24617587,81.88193319,82.99355994
East Asia & Pacific,93.33774439,93.82014512,93.11681081,93.32693867,94.17039329,93.84338495,94.80459658,94.87062837,95.29854404,95.1435447,95.54155542,96.12813726,96.37029485,96.57167755,96.72053972
Europe & Central Asia (excluding high income),99.86444773,99.8759619,99.89848514,99.92889922,99.89596588,99.86924434,99.86496966,99.8854455,99.91416147,99.92588505,99.93291775,99.91861439,99.95192047,99.94616108,99.96107675
Europe & Central Asia,99.9446378,99.94953318,99.95858746,99.9711125,99.95789257,99.94727019,99.94572046,99.95410074,99.96568909,99.9704031,99.96992514,99.96340033,99.97834475,99.97571592,99.98242048
Ecuador,93.53726196,93.89373016,94.24191284,94.973044,94.90869904,95.83265,96.315259,96.812618,97.206576,96.470862,97.462142,96.872699,97.194929,98.034674,98.976067
"Egypt, Arab Rep.",97.7,97.3451767,97.56305695,98.8,97.96924591,99.4,99.04,98.5062561,99.8,98.86990356,99.44637299,99.48725128,99.7,99.82130432,99.8
Euro area,100,100,100,100,100,100,100,100,100,100,100,100,100,100,100
Eritrea,29.20424271,30.30143547,32.2,32.46978378,33.53858566,34.5957222,35.64373016,36.68868637,37.73682404,38.79438782,39.86760712,40.96271896,42.0842514,43.22989655,44.3956337
Spain,100,100,100,100,100,100,100,100,100,100,100,100,100,100,100
Estonia,100,100,100,100,100,100,100,100,100,100,100,100,100,100,100
Ethiopia,12.7,25.47764397,26.37947845,27.27184677,28.1535759,14,29.88457489,,31.60352707,32.47401428,33.36016083,23,35.20266342,36.16123581,27.2
European Union,100,100,100,100,100,100,100,100,100,100,100,100,100,100,100
Fragile and conflict affected situations,32.46619483,35.42743457,38.09493973,40.03417206,39.59286459,37.27404795,42.75882841,45.89610613,44.51992881,44.14961424,44.19456195,45.40829507,47.46182279,49.02685625,48.04599715
Finland,100,100,100,100,100,100,100,100,100,100,100,100,100,100,100
Fiji,75.71011353,77.01029205,79.63,80,80.85640717,82.11653137,83.36753082,88.9,86.16,87.12715149,89.1906662,90.10233307,91.02597809,91.75,93.74333954
France,100,100,100,100,100,100,100,100,100,100,100,100,100,100,100
Faroe Islands,100,100,100,100,100,100,100,100,100,100,100,100,100,100,100
"Micronesia, Fed. Sts.",46,48.41128922,50.19380188,51.9668541,53.72926331,55.48000717,57.22162247,58.960186,60.701931,62.45310211,64.53152025,66.68044281,68.60435486,70.50697327,72.44293213
Gabon,73.6,77.13812256,77.86385345,78.5801239,79.28574371,81.6,80.66454315,81.34632111,82.03128815,82.72566986,89.48566437,88.87747955,89.3,86.4,86.98995209
United Kingdom,100,100,100,100,100,100,100,100,100,100,100,100,100,100,100
Georgia,,,99.9,100,99.93,97.93505412,100,100,100,100,100,100,100,100,100
Ghana,43.7,44.8535614,46.89822769,48.3,50.95799255,41.25,55.09345008,56.97537231,60.5,60.99259567,64.2,64.06256,56.51,70.7,78.3
Gibraltar,100,100,100,100,100,100,100,100,100,100,100,100,100,100,100
Guinea,15.46630478,16.70739174,17.94019127,19.16352463,20.3762188,20.2,22.76914978,23.95799637,25.15003014,26.3514843,27.56859589,28.80760193,26.2,31.36256409,32.67219543
"Gambia, The",34.3,29.86666489,31.50168228,27.8,34.74214935,30.4562675,37.93951416,39.53058243,41.12483215,42.728508,47.41400146,48.81459427,50.1972847,51.5,52.95340729
Guinea-Bissau,,,,,,,14.5361991,7.998231411,9.323233604,4.7,6,13.37971306,14.7781086,16.20061493,17.2
Equatorial Guinea,,,,,,,,,,,,66.1,65.66336823,65.75577545,65.86827087
Greece,100,100,100,100,100,100,100,100,100,100,100,100,100,100,100
Grenada,85.93244171,86.32830811,86.71588898,87.0940094,87.46147919,87.81729126,88.16397095,88.50760651,90,89.21065521,89.58255005,88.8,90.39653778,90.84085846,91.30526733
Greenland,100,100,100,100,100,100,100,100,100,100,100,100,100,100,100
Guatemala,73.318205,73.75078583,78.667838,78.512204,77.30284882,78.46495819,83.730998,80.76786804,81.92097473,83.08351135,84.26170349,84.026414,86.68829346,87.93890381,85.494371
Guam,100,100,100,100,100,100,100,100,100,100,100,100,100,100,100
Guyana,74.48694611,75.09686279,75.69849396,76.29065704,76.87217712,77.5,73.38258786,78.56044006,79.12129974,77.6,82.98226166,83.99753571,84.99491119,85.97098541,86.9
High income,99.94997831,99.94564615,99.94969002,99.97141346,99.95636217,99.9590997,99.98564237,99.96887519,99.97161749,99.9894782,99.99152597,99.99067038,99.99842083,99.99255001,99.99896985
"Hong Kong SAR, China",100,100,100,100,100,100,100,100,100,100,100,100,100,100,100
Honduras,67.37645721,64.2,63.141137,65.090464,67.113528,68.903309,71.266448,73.548187,76.396899,78.269685,80.984668,82.195298,83.607727,87.184881,88.653773
Heavily indebted poor countries (HIPC),18.92383723,22.08304429,22.2129678,23.44257632,24.04041799,21.62783523,25.8407529,26.66912542,27.90276502,28.05220746,29.34728537,28.72173407,32.39857969,33.25170716,34.94489889
Croatia,100,100,100,100,100,100,100,100,100,100,100,100,100,100,100
Haiti,33.7,31.542382,33.19704437,31.6,34.19499969,34.67699432,33.9,35.61966324,36.092659,36.57507706,37.07315063,37.59311676,37.9,38.71000671,39.4816246
Hungary,100,100,100,100,100,100,100,100,100,100,100,100,100,100,100
IBRD only,84.21495558,83.1225555,85.31790741,85.91695356,86.47220536,87.08863844,88.02296626,88.55973793,89.38582073,90.6241076,91.50213877,89.2012383,92.78573511,93.13188963,93.97262509
IDA & IBRD total,74.26368733,73.7123456,75.22812709,75.98687868,76.20111057,76.24581871,77.58983945,78.69755437,78.87970497,79.73804306,80.41461381,79.01667365,82.14744613,82.487842,83.10940859
IDA total,34.98974615,36.85064422,38.86355988,40.64770552,40.24122423,39.68540263,42.68113162,44.01432124,44.46395938,44.55759471,44.47158175,46.41836578,48.51898589,49.25560022,49.61532211
IDA blend,54.4900754,55.17426974,55.57485129,58.02737377,56.69865966,56.97232516,57.39662864,58.4842795,58.85644385,58.23449607,57.1644869,61.666521,61.19730843,62.20163531,61.40996897
Indonesia,86.3,86.26,87.6,87.94,89.01,85.42111206,90.62,91.1,92.73,93.55,94.15,94.83,96,96.46425831,97.01
IDA only,23.57889425,26.15322275,30.12125642,31.55890434,31.69842004,30.92310298,35.23333894,35.94103798,37.19604187,37.71243384,38.10557178,38.75386151,42.13616502,42.72750139,43.65888555
Isle of Man,100,100,100,100,100,100,100,100,100,100,100,100,100,100,100
India,59.34104538,55.8,62.3,64.02313232,64.4,67.09343719,67.9,70.13076019,71.6510849,75,76.3,67.6,79.9,80.73804474,83.58521271
Not classified,,,,,,,,,,,,,,,
Ireland,100,100,100,100,100,100,100,100,100,100,100,100,100,100,100
"Iran, Islamic Rep.",97.9,98.11628723,98.24790955,98.37006378,98.48157501,98.58142853,98.4,98.7598114,98.85066223,99.71,99.64732361,99.69103241,99.71684265,99.83,100
Iraq,,,,,,,97.62211156,98.1,97.96062469,98.09731293,98.25507355,98,99.3,98.84931946,99.09417725
Iceland,100,100,100,100,100,100,100,100,100,100,100,100,100,100,100
Israel,100,100,100,100,100,100,100,100,100,100,100,100,100,100,100
Italy,100,100,100,100,100,100,100,100,100,100,100,100,100,100,100
Jamaica,84.38311005,87.708112,86.681291,86.67273712,87.41622925,88.14806366,88.87075806,89.59040833,92,91.04549408,92.2,91.1,93.1,93.9,93.3
Jordan,98.85403442,98.94203949,99.5,99.09201813,99.17343682,99.19959259,100,98.8,100,99.4,100,99.71602631,99.5,99.76028442,99.88537598
Japan,100,100,100,100,100,100,100,100,100,100,100,100,100,100,100
Kazakhstan,99.47368622,99.65,99.81,99.92,99.96,100,99.76654765,100,100,100,100,99.79746835,100,100,100
Kenya,15.14182186,17.0676403,18.98517036,16,22.79066277,24.67642593,26.55305481,28.42663383,30.30339813,23,19.2,36.01516342,37.96532059,39.93959045,36
Kyrgyz Republic,99.57141113,99.57012177,100,99.54150391,99.51182556,99.44230769,98.89,99.54,99.51,99.5,99,98.32,99.8,98.93,99.8
Cambodia,16.6,15.44084358,18.73940277,19.3,25.30695152,20.5,31.83140182,35.08600998,26.4,41.61101913,31.1,48.19865799,51.52984238,54.88513947,56.1
Kiribati,,,,,,69.67640546,68.8,67.47807312,69.90923309,64.19,63.16773671,77.28418732,79.78873444,82.31739807,84.86615753
St. Kitts and Nevis,94.86717987,93.53,95.52306366,95.83739471,96.14108276,96.4331131,96.71600342,96.99584961,97.27887726,97.57132721,99.94722748,100,100,100,100
"Korea, Rep.",100,100,100,100,100,100,100,100,100,100,100,100,100,100,100
Kuwait,100,100,100,100,100,100,100,100,100,100,100,100,100,100,100
Latin America & Caribbean (excluding high income),91.00172704,91.6800378,92.0018544,92.29931311,92.68925947,93.05624537,93.76464153,94.12030466,94.87735242,95.04182829,95.78168588,95.87425649,96.24895903,96.58699565,96.72651708
Lao PDR,42.48462296,45.27884674,46.3,48,53.60709,57.2,57.0410587,54.96,66,67.34804535,70.11830139,70,76.36662775,79.51023865,83.17922974
Lebanon,,,,,99.9,99.60372925,99.38381709,99.9,99.9,99.80111694,99.87401581,99.68401095,99.98432922,99.99804688,100
Liberia,,,,,,,,3,1.300314069,1.9,5.171546459,4.1,9.128644943,9.8,9.4
Libya,99.8,97.11643982,95.42716217,93.72841644,92.01903534,90.29798889,88.56781006,86.83457947,85.10453796,83.38391876,81.67895508,79.99588013,78.3392334,76.70668793,75.09424591
St. Lucia,,89.9,90.38272858,90.88391113,91.37445831,91.85334015,92.3230896,92.78979492,93.25967407,93.73898315,94.2,94.75908661,95.34342258,95.86147308,96.44895172
Latin America & Caribbean,91.69891358,92.35087019,92.645728,92.76547971,93.24900691,93.57878098,94.2890728,94.56138257,95.25249603,95.43630872,96.11715379,96.18682893,96.55893103,96.85531932,97.02997334
Least developed countries: UN classification,19.21503457,22.04132313,25.24474532,26.64197463,26.77070381,26.26051318,30.33444649,31.00790359,32.66388764,33.19479776,33.48422907,34.33898312,38.36541717,38.54480606,39.19425951
Low income,12.87158561,16.94496701,20.78382116,22.20041646,22.41335177,19.40083771,24.00791614,24.50920916,26.11360912,25.80286788,26.85011972,26.05087319,30.16081464,31.13132358,31.580486
Liechtenstein,100,100,100,100,100,100,100,100,100,100,100,100,100,100,100
Sri Lanka,,63.6,80.7,75.04402924,76.6280899,78.20048523,82.05,80,82.88735199,87.09,85.3,87.76,87,90.2,92.63770294
Lower middle income,62.7341424,61.08555427,64.33714599,65.75712369,66.24794394,67.40539838,69.10034026,69.92461358,71.75739877,73.5044049,74.06200487,71.59056833,77.21604421,77.89186538,79.23165082
Low & middle income,73.87247802,73.31322691,74.85872724,75.65009859,75.85613645,75.90751619,77.26781958,78.39340229,78.58719967,79.22357847,79.93165376,78.53522084,81.70431405,82.0618075,82.69737948
Lesotho,4.258760108,1.270180345,3.403664827,5.527685165,6.8,9.742781639,9.7,13.9248991,16.01761818,17,17,22.37724686,20.56,26.73358154,27.8
Late-demographic dividend,95.77771456,96.20345812,96.59928081,96.85027946,97.10577921,97.5736733,98.24238163,97.93813648,98.24329693,97.88958605,98.46563233,98.65957939,98.75820336,98.92985657,98.94086967
Lithuania,100,100,100,100,100,100,100,100,100,100,100,100,100,100,100
Luxembourg,100,100,100,100,100,100,100,100,100,100,100,100,100,100,100
Latvia,100,100,100,100,100,100,100,100,100,100,100,100,100,100,100
"Macao SAR, China",100,100,100,100,100,100,100,100,100,100,100,100,100,100,100
St. Martin (French part),100,100,100,100,100,100,99.99783325,99.98529816,99.9539032,99.90898132,100,100,100,100,100
Morocco,69.55908966,71.36521149,73.16304016,74.95140839,78.2,78.49519348,96.5,82.00601196,83.76307678,85.5295639,92.59702301,93.38168335,94.14844513,97.2,91.6
Monaco,100,100,100,100,100,100,100,100,100,100,100,100,100,100,100
Moldova,100,100,99,100,99.1,98.6,100,100,100,100,100,100,100,100,100
Madagascar,13.23051071,14.8,14.07401752,20.3,14.87966824,15.26551056,15.64221954,16.01587868,16.39272118,17.4,12.3,14.3,18.7,12.9,19.02375221
Maldives,83.8,87.51950836,88.41437531,89.2997818,90.17454529,91.03765106,91.89161682,92.74253845,93.59664154,99.9,99.41575623,99.48480225,99.53594971,99.5657959,100
Middle East & North Africa,91.0741455,91.34997609,91.38023465,92.39837783,92.41298773,93.19349356,95.64552167,93.79731093,94.80680039,94.89100272,95.7794586,95.82597428,95.40188482,97.07460883,96.08407959
Mexico,98.007132,97.14319611,97.897085,97.50493622,98.597701,98.932728,99.11416,98.11062622,98.914037,98.409729,99.236696,99.06409454,99.111637,99.23202515,99.172928
Marshall Islands,68.51438141,70.01934814,71.51602936,73.00325012,74.47982788,75.9447403,77.40052032,72.3,80.30916595,81.77450562,89.24352264,89.91960679,90.54963684,91.1724472,91.82859039
Middle income,78.08791719,77.23531484,78.95315494,79.76421818,80.09703626,80.76990562,81.92132662,82.33847755,83.33985596,84.46966854,85.15179307,83.77158758,86.91971648,87.28643058,88.01381196
North Macedonia,100,100,100,100,99.42,100,99,100,99.2,99.2,100,99.7261638,100,100,100
Mali,9.607888222,10.8,13.12046623,14.86314678,16.59518623,18.3155632,16.6,21.73500252,23.44638062,24.03089583,26.90363884,28.66198921,25.6,32.25564575,34.08462143
Malta,100,100,100,100,100,100,100,100,100,100,100,100,100,100,100
Myanmar,,,47,45.20727539,46.31351089,47.40808105,48.49352264,49.57591248,50.66148758,51.75648499,48.8,53.99968338,55.15865326,56.34173203,52
Middle East & North Africa (excluding high income),89.50068078,89.8080186,89.94176691,91.1120897,91.13088426,92.01752295,94.94947256,92.77554774,94.02007243,94.09421101,95.10549566,95.14680211,94.64259347,96.58596249,95.42387597
Montenegro,100,100,100,100,100,99.83022071,100,100,100,100,100,99,100,99.7,97.7
Mongolia,67.3,71.7061615,72.80158997,76.3,74.96286774,86.2,77.08104706,78.13251495,79.18717194,80.25125122,78.50208044,72.05707491,83.56066895,81.2,85.88508606
Northern Mariana Islands,100,100,100,99.99880981,99.99087524,99.96778107,99.92762756,100,100,100,100,100,100,100,100
Mozambique,6.089135647,5.7,8.48664856,8.1,10.84630394,12.0091486,13.16286087,12.4,13.57122385,15,18.83759689,20.2,21.23671913,22.40603065,24.8
Mauritania,,22.2,21.51865578,22.90974617,24.29019547,18.2,27.0186367,33.04054054,30,31.10423851,33.92690277,35.13134003,36.31787491,37.48311234,38.8
Mauritius,99,99.24628448,99.4,99.21391296,99.18235779,99.13913727,99.08678436,99.0313797,98.97916412,98.93636322,99.58998108,99.6,99.49635315,99.41928864,99.37555695
Malawi,4.8,5.136980057,5.558670044,6.2,6.9,6.762401581,3.653227333,7.520929813,7.901853561,8.292198181,8.7,7.6,7.4,9,11.9
Malaysia,,,,,,,,,,99.3,99.27632141,99.53179169,99.8,99.92416382,99.98835754
North America,100,100,100,100,100,100,100,100,100,100,100,100,100,100,100
Namibia,36.5,35.98637009,36.96955109,37.94327164,38.906353,39.85776901,40.80005264,43.7,42.68170547,44.1,44.60103989,42.3,46.60624313,47.4,48.70618057
New Caledonia,100,100,100,100,100,100,100,100,100,100,100,100,100,100,100
Niger,6.481481481,8.391811371,8.913032532,9.424788475,9.925904274,7.1,9.3,11.37294674,11.85340118,12.34327698,13.3953104,14.3,14.4,15.16402817,15.76677132
Nigeria,42.93611908,43.76881409,44.59322357,52.2,46.21246719,47.00510788,47.78861618,50.13091943,50.3,50.14577866,48,55.9,53.15390015,55.6,54.42453384
Nicaragua,72.77522278,72.22158,73.90290833,74.45314026,74.99273682,73.821815,76.03946686,76.55521393,77.07414246,77.916313,78.14650726,78.71240997,79.54708099,80.75727081,81.853073
Netherlands,100,100,100,100,100,100,100,100,100,100,100,100,100,100,100
Norway,100,100,100,100,100,100,100,100,100,100,100,100,100,100,100
Nepal,28.91624069,24.6,36.07150269,42.41,37.2,46.73062515,51.2,53.7927475,57.32546997,60.86761093,68.6,67.26,74.73197174,77.60891724,84.9
Nauru,99.33805847,99.3480072,99.34966278,99.34185028,99.3234024,99.29328918,99.25404358,99.8,99.17263794,99.14295197,99.12892151,99,99.17106628,99.22946167,99.30794525
New Zealand,100,100,100,100,100,100,100,100,100,100,100,100,100,100,100
OECD members,99.62107082,99.65109993,99.5938053,99.58536236,99.67497471,99.75570791,99.75702155,99.65604663,99.75756634,99.6990738,99.81193694,99.79217061,99.81385542,99.84519617,99.84413599
Oman,100,100,100,100,100,100,99.9992218,100,100,100,100,100,100,100,100
Other small states,60.41588699,56.73565964,57.77651273,58.81738204,60.71671918,62.04510478,60.49409024,62.04584874,63.34303282,63.89255786,66.06152965,68.11341949,69.2896964,70.30217261,71.8655058
Pakistan,70.34899139,70.42551422,70.4937439,70.55251312,70.60064697,70.63711548,70.6644516,70.68873596,70.71620178,70.7530899,70.80564117,70.88008118,70.98094177,71.10591888,71.25098419
Panama,81.40141009,81.45373535,82.2257843,87.8,83.74030304,84.48058319,85.21173096,85.93982697,86.67110443,87.41181183,86.85,88.94641876,89.75109863,89.1,91.42875671
Peru,72.496495,72.113111,74.382688,74.380966,75.692357,77.173645,80.157275,81.988131,84.678343,86.42432,88.123061,89.707491,91.099508,92.135365,92.919989
Philippines,74.65086365,75.73733521,76.81551361,76.6,87.6,79.98873138,80.18,82.06024933,83.3,84.3,85.39570618,87.2,87.08,87.5,89.69213867
Palau,97.91555786,98.02062225,98.11740112,98.20471191,98.28138733,98.91650733,98.40227509,98.45510101,98.51111603,98.57655334,98.65763855,98.76062775,97.63042631,99.04354858,99.8103
Papua New Guinea,8.552684784,10.67140293,12.7818327,14.88279724,16.97312164,19.05178452,12.4,23.18779182,25.25745583,17.2,19.5,31.54792023,33.69097519,35.85814667,39.45996475
Poland,100,100,100,100,100,100,100,100,100,100,100,100,100,100,100
Pre-demographic dividend,22.53642822,23.92127387,24.39235038,26.90657166,26.0480048,26.4486871,30.80123024,32.52783937,33.0215221,31.87194057,32.09206503,35.52959707,37.01419371,37.84975155,39.4006083
Puerto Rico,100,100,100,100,100,100,100,100,100,100,100,100,100,100,100
"Korea, Dem. People's Rep.",,,,,,,,,,26,29.29593086,31.45312309,33.63673401,35.84445572,38.07227325
Portugal,100,100,100,100,100,100,100,100,100,100,100,100,100,100,100
Paraguay,89.24497986,91.04207,91.666443,92.558399,93.249876,94.686886,96.749045,96.452771,96.677896,96.891335,97.43086,98.23656,97.835616,99.015884,99.000716
West Bank and Gaza,99.7,98.77187347,98.83439636,99.1,98.04,99.89,99.7,97.63,99.02255249,97.76,99.9,99.7,99.7525177,99.73147583,99.9
Pacific island small states,54.79882659,56.19133647,58.28219394,59.22931797,60.40894125,62.14908641,61.4685169,63.35003993,66.81077751,64.89918469,69.84705578,71.45953622,72.97764916,72.61815608,76.7469137
Post-demographic dividend,99.96710192,99.95646371,99.94562424,99.9625035,99.96428643,99.96034649,99.9655143,99.9594314,99.97091088,99.97245052,99.97423269,99.97481212,99.97287685,99.97926003,99.98352292
French Polynesia,100,100,100,100,100,100,100,100,100,100,100,100,100,100,100
Qatar,100,100,100,100,100,100,100,100,100,100,100,100,100,100,100
Romania,100,100,100,100,100,100,100,100,100,100,100,100,100,100,100
Russian Federation,100,100,100,100,100,100,100,100,100,100,100,100,100,100,100
Rwanda,6.2,5.579493046,6.699606895,7.810256004,8.910264969,4.8,11.07782459,12.15398788,6,14.32210445,9.7,10.8,17.5,15.2,19.8
South Asia,57.37150091,54.96203656,60.67271573,62.30056331,62.53268458,64.41758755,65.82615243,67.26986379,69.37509629,72.32064479,73.19362596,67.05647917,77.42161943,77.78491954,80.54705924
Saudi Arabia,100,100,100,100,100,100,100,100,100,100,100,100,100,100,100
Sudan,23,31.69804192,32.14664078,32.58556747,33.01359177,33.42964554,33.83626556,34.23961639,34.64601135,29,38.09628296,39.85937881,41.60363388,43.32481003,44.9
Senegal,37.74,38.77428055,36.8,42.02547073,36.8,47.1,49.9,48.4100647,49.99962616,53.5,56.5,56.5,56.5,57,61
Singapore,100,100,100,100,100,100,100,100,100,100,100,100,100,100,100
Solomon Islands,4.551740646,7.53202343,10.50401783,13.46654797,16.41843796,19.35866356,14.4,12.9,28.14903069,21.2,34.20810318,38.22459793,42.22318649,44.7,50.21110916
Sierra Leone,,,,,16.8,11.33248552,12.33391953,13.07405567,12.1,14.5701189,11.46217307,14.2,16.94552612,13.5,18.6472683
El Salvador,84.519249,87.063829,87.54906,86.961151,87.357045,87.525839,89.201467,91.109558,91.000227,91.08402,91.580238,92.574686,93.680571,95.043105,95.125416
San Marino,100,100,100,100,100,100,100,100,100,100,100,100,100,100,100
Somalia,,,7.4,9.908855438,11.49068165,13.06084442,15.23378582,16.17985535,17.7410202,19.31160545,20.89785004,22.50598717,24.14054489,25.79921341,27.47797585
Serbia,100,100,100,100,100,99.69072165,100,100,100,100,99.718398,100,100,99.92,99.66079793
Sub-Saharan Africa (excluding high income),26.01955275,28.11120558,29.01862357,31.19007147,30.79261701,29.40297589,32.3632961,34.165869,34.04442703,33.26780917,33.6628424,35.44365736,37.02156105,38.08059081,37.94241804
South Sudan,,,,,,,,,,3,1.5,2.689738274,3.137244701,3.6088624,4.100572586
Sub-Saharan Africa,26.02848894,28.11943236,29.02686865,31.19763418,30.79998442,29.41033865,32.3706409,34.17329957,34.05111591,33.27438739,33.66939222,35.44979022,37.02745984,38.08630604,37.94826919
Small states,66.68720838,64.50729059,65.16873179,65.9433924,67.41624309,68.48102838,67.06992604,68.42659124,69.74007423,69.7882283,71.86435145,73.26245867,74.37422405,75.15001676,76.51138315
Sao Tome and Principe,52.9,51.53033447,52.64903641,53.75827026,54.85686493,55.94379807,57.02159882,58.09634781,59.17428207,56.9,61.36465073,62.48955536,57.9,64.81632233,68.6
Suriname,95.4648056,95.39545441,95.31781006,95.23069763,95.13294983,95.02353668,91.01983989,94.78339386,94.66497803,94.55599213,91.19751586,94.39122009,94.34619904,94.32529449,94.32447815
Slovak Republic,100,100,100,100,100,100,100,100,100,100,100,100,100,100,100
Slovenia,100,100,100,100,100,100,100,100,100,100,100,100,100,100,100
Sweden,100,100,100,100,100,100,100,100,100,100,100,100,100,100,100
Eswatini,,26.9,25.87891197,28.69206429,31.4945755,34.28542328,35.2,39.84580612,42.62765884,38.6,45.55233761,51.05468369,54.21104813,57.46309662,65
Sint Maarten (Dutch part),100,100,100,100,100,100,99.99783325,99.98529816,99.9539032,99.90898132,100,100,100,100,100
Seychelles,94.02639008,94.37985992,96.1,95.0607605,95.38583374,95.69924927,99,96.30476379,96.60917664,96.92301941,97,98.07936859,98.32720947,98,100
Syrian Arab Republic,,,86.6,92.66165161,92.40216064,92.13100433,99.5057574,91.56737518,91.28721619,91.01648712,92.7,91.59918213,90.84231567,90.13881683,89.97625732
Turks and Caicos Islands,95.6,94.79156494,95.13632202,95.47160339,95.79624939,96.10923767,96.41308594,96.71389008,97.01787567,100,100,100,93.1,100,100
Chad,3.186103821,3.558882475,3.923372984,4.278398991,3.5,4.955507278,5.279097557,5.599637032,5.923361301,6.256507397,6.4,8.98,7.859260082,8.115847588,8.405773163
East Asia & Pacific (IDA & IBRD countries),92.52949604,93.07354497,92.31046926,92.54867624,93.49377749,93.1324753,94.20669698,94.28230547,94.76013559,95.47322618,95.87913261,96.51171575,96.75638335,96.95500882,97.09410453
Europe & Central Asia (IDA & IBRD countries),99.88022918,99.89039495,99.91020537,99.93712127,99.90800932,99.88439729,99.88062298,99.89872359,99.9241028,99.93445497,99.93936646,99.92639963,99.95649511,99.95125125,99.96473271
Togo,16.95623488,19.64577484,21.4203186,23.18539619,24.93983459,26.68261147,27.9,30.14684677,31.88062286,33.62382126,30.79174368,39.7,38.97059631,40.80187988,45.7
Thailand,82.1,90.45343018,91.10829926,91.75370789,92.38847351,93.01157379,99.14620148,94.23646545,94.85056305,98.96,99.7,99.35928345,99.10862355,99.42706299,99.48364258
Tajikistan,98.46774194,98.62453461,99,100,98.6827774,99.3,98.6686554,98.65396881,98.64247894,99,98.65398407,98.68946075,99.1,98.83737183,98.94347382
Turkmenistan,99.6,99.72142792,99.73254395,99.73419189,99.72519684,99.70454407,99.8413328,99.641922,99.61226654,99.59204102,100,99.88415527,99.89390564,99.88236237,99.93029022
Latin America & the Caribbean (IDA & IBRD countries),91.50401708,92.19415158,92.5153017,92.61750352,93.11400632,93.45222538,94.18238791,94.46144411,95.1711646,95.3583136,96.05726764,96.12511565,96.50473594,96.80510929,96.98046829
Timor-Leste,,25.6,23.92528915,27.7,30.75041008,34.14598846,37.53243256,36.6,44.30240631,47.69840622,38,54.54361725,58.00358963,61.4876709,73.47
Middle East & North Africa (IDA & IBRD countries),89.35281723,89.67683089,89.82033816,91.00198691,91.03663234,91.90922247,94.89021174,92.7145073,93.96349149,94.05237017,95.05031869,95.09401496,94.58295597,96.54903037,95.37102463
Tonga,85.57647705,86.31700134,87.04923248,87.77200317,88.48413849,89.18460846,92.3,90.56422424,91.25569153,91.95658875,92.67313385,92.17545611,92.8,94.96540833,95.7744751
South Asia (IDA & IBRD),57.37150091,54.96203656,60.67271573,62.30056331,62.53268458,64.41758755,65.82615243,67.26986379,69.37509629,72.32064479,73.19362596,67.05647917,77.42161943,77.78491954,80.54705924
Sub-Saharan Africa (IDA & IBRD countries),26.02848894,28.11943236,29.02686865,31.19763418,30.79998442,29.41033865,32.3706409,34.17329957,34.05111591,33.27438739,33.66939222,35.44979022,37.02745984,38.08630604,37.94826919
Trinidad and Tobago,91.29,96.63881683,96.89418793,97.14009857,97.37535858,97.59896088,100,100,100,99,100,100,100,100,100
Tunisia,94.8,97.3,97.8,98.4,99,99.3,99.4,99.4,99.4,99.5,99.5,99.5,99.5,99.7,99.8
Turkey,,,,,,,,,,,100,100,100,100,100
Tuvalu,,,94.62978316,95.11444855,95.40785217,95.68959045,95.96218872,96.7,96.50447845,96.78664398,97.0844574,97.40416718,97.6717774,98.12054443,98.51087189
Tanzania,9.056112289,9.996443748,10.92848778,11.1,11.4,13.66328144,14.55442524,15.44251728,11.5,11.2,14.8,14.2,15.3,16.4,23.5
Uganda,7.318620205,8.6,7.8,10.62820339,11.71168518,8.9,9,14.90582466,15.9686451,10,12.1,14.6,20.37479401,13.9,20.4
Ukraine,100,100,100,100,100,99.8855617,100,99.8,100,100,100,100,99.86749117,100,100
Upper middle income,95.37200355,95.90950769,96.32962157,96.58413841,96.85688169,97.12384467,97.56412001,97.63085444,97.92373498,98.2317457,98.76295191,98.84168006,99.01943059,99.09019733,99.12984022
Uruguay,97.55148315,97.70074463,97.84171295,97.97322083,98.09409332,98.20329285,98.505426,98.692636,98.784355,99.1,99.3,99.17,99.6,99.611808,99.657085
United States,100,100,100,100,100,100,100,100,100,100,100,100,100,100,100
Uzbekistan,99.57293701,99.62465668,99.7,99.70204163,99.72536469,99.7370224,99.4900961,99.73902893,99.74168396,99.75376892,99.7815094,99.83113861,99.90933228,99.96624756,99.99420166
St. Vincent and the Grenadines,79.84091187,82.41,82.47047424,83.77164459,85.06217957,86.34104919,87.61078644,88.79,90.14733887,91.42662811,92.72158051,94.03842163,95.38168335,96.74906158,98.13652802
"Venezuela, RB",98.9,99.9,99.8,95.7,99.1,98.93270111,99.3,98.93862152,98.9432373,98.95727539,99.09267426,98.84,99.20826721,99.23580933,100
British Virgin Islands,96.70508575,96.89098358,97.06859589,97.23674011,97.39424896,97.54009247,97.67680359,97.81046295,97.94730377,98.09357452,99.05440521,99.1738205,99.27532959,99.35554504,99.46909332
Virgin Islands (U.S.),100,100,100,100,100,100,100,100,100,100,100,100,100,100,100
Vietnam,87.80696106,88.61237335,89.1,90.19715118,90.9741745,96.1,96,93.24891663,94.00527954,96.1,97.43,99,97.89,98.53603363,99.2
Vanuatu,22.15377617,23.97912407,25.79618454,27.60378265,29.40073776,31.18603134,26.44,33.62462006,36.51159668,33.29111519,44.1,41.92195511,43.77164078,31.7,49.07717133
World,78.73606533,78.22165842,79.39760703,80.00876536,80.16051425,80.16144761,81.25109416,82.20470557,82.28431997,82.76505535,83.29997202,82.11274711,84.73835469,85.01886552,85.53775446
Samoa,87.83878326,88.59172058,89.33637238,90.07156372,90.79611206,91.50899506,96.37172973,92.91345215,98.1,97.9,96.37813568,96.6685747,96.82684326,97.3891449,97.9
Kosovo,100,100,100,100,100,100,100,100,100,100,99,100,99.75,99.75,99.68
"Yemen, Rep.",49.18035126,50.36064148,51.53264236,52.6951828,49.59,54.98731232,55.80033463,57.24646759,58.37770462,59.51836014,60.67467499,61.88527298,52.41,75.6,66.1
South Africa,72.24764252,70.2,76.7,78.8,80.9,80.8,80.7,82,81.9,82.6,82.9,83.6,85.3,85.2,86
Zambia,16.7,19.94420624,17.4,18.5,20.3,22.64341354,23.29265022,18.5,24.58820534,25.24699783,22,26.61779022,27.34055328,28.08742714,27.9
Zimbabwe,33.85070419,34.21405029,34.2,34.91470718,35.24966049,35.57295227,37.2,36.1982193,36.51251221,43.36908187,40.45818329,36.9,44,38.3363533,32.3
